,loss,array
"arcoating,8,400",13.100717405397,"[5.0,6.333333333333333,7.666666666666666,9.0,9.0,9.0,9.0,9.0]"
"bragg,16",0.967761802569,"[2.5141895749446994,2.479557223616817,2.5072731849007144,2.44897793097885,2.522594285018476,2.453958359793759,2.5001538123439686,2.496393169895314,96.93018121427048,133.71819394988916,99.02177080593657,109.72456993535758,115.95956118008561,92.84831198907784,118.42356371437981,103.77850212331678]"
"chirped,16",0.594587712739,"[109.72985831489979,98.18574120560555,107.42439496690479,87.99264365961669,112.531428339492,89.65278659791956,105.05127078132273,103.79772329843809,96.93018121427048,133.71819394988916,99.02177080593657,109.72456993535758,115.95956118008561,92.84831198907784,118.42356371437981,103.77850212331678]"
"chirped,30",0.275923457222,"[89.04887416,109.54188095,89.74520725,121.81700431,179.99830918,124.38222473,95.31017129,116.0239629,92.92345776,118.06108198,179.99965859,116.89288181,88.90191494,110.30816229,93.11974992,137.42629858,118.81810084,110.74139708,85.15270955,100.9382438,81.44070951,100.6382896,84.97336252,110.59252719,134.89164276,121.84205195,89.28450356,106.72776991,85.77168797,102.33562547]"
"chirped,50",0.122791774788,"[82.90650359625751,100.22768681990354,80.61585547981949,98.48275038657422,82.20565964541501,103.12534351567969,89.55329120038363,168.44375926784716,93.09850619731536,106.36654780454921,85.20967539975523,102.14598241253441,83.30318364465117,101.50935202096389,88.37577966739511,110.39109558548196,97.81719872270574,114.5576054772588,91.89773736449696,117.3470103144378,179.99965149755207,118.56799836959532,79.85505029231285,100.14199716496779,79.3924792095076,96.50753755781197,79.36695739530128,100.83659109891018,85.25229426624284,108.07126091527283,111.68065608193183,179.98226991017955,97.50598758771685,118.8785209361821,103.37187268480221,130.04086956892863,106.40231319113599,128.60913255727175,103.86534291275723,128.15525056991805,113.5340738198968,135.80239241170972,104.0664201135123,117.01851907811272,94.18435825321245,116.22135346141759,165.83864221125333,112.9265456240337,89.24196515358943,106.67777580674382]"
"morpho,4",1.127904740499,"[154.7298583148998,293.18574120560555,317.42439496690474,132.9926436596167]"
