,loss,array
"arcoating,8,400",13.1007174053968,"[5.0,6.333333333333333,7.666666666666666,9.0,9.0,9.0,9.0,9.0]"
"bragg,16",0.9677618025688,"[2.5141895749446994,2.479557223616817,2.5072731849007144,2.44897793097885,2.522594285018476,2.453958359793759,2.5001538123439686,2.496393169895314,96.93018121427048,133.71819394988916,99.02177080593657,109.72456993535758,115.95956118008561,92.84831198907784,118.42356371437981,103.77850212331678]"
"chirped,16",0.5945877127393001,"[109.72985831489979,98.18574120560555,107.42439496690479,87.99264365961669,112.531428339492,89.65278659791956,105.05127078132273,103.79772329843809,96.93018121427048,133.71819394988916,99.02177080593657,109.72456993535758,115.95956118008561,92.84831198907784,118.42356371437981,103.77850212331678]"
"chirped,30",0.2759234572225,"[89.04887416,109.54188095,89.74520725,121.81700431,179.99830918,124.38222473,95.31017129,116.0239629,92.92345776,118.06108198,179.99965859,116.89288181,88.90191494,110.30816229,93.11974992,137.42629858,118.81810084,110.74139708,85.15270955,100.9382438,81.44070951,100.6382896,84.97336252,110.59252719,134.89164276,121.84205195,89.28450356,106.72776991,85.77168797,102.33562547]"
"morpho,4",1.1279047404994,"[154.7298583148998,293.18574120560555,317.42439496690474,132.9926436596167]"
